Name,Type,X,Y,Z
POI_DECOR,DECOR,10.539287567138672,19.458026885986328,6.258573532104492
POI_DECOR.001,DECOR,10.539287567138672,21.646221160888672,6.253161430358887
POI_DECOR_2,INFO,10.539287567138672,21.186800003051758,6.628740310668945
POI_DOOR,DOOR,10.539285659790039,21.902828216552734,6.730653762817383
фыв,DOOR,10.539287567138672,19.815322875976562,6.7393035888671875
